Wall time,Step,Value
1737059063.372017,60000,-0.26105713844299316
1737059109.9318469,70000,-0.06875000149011612
1737059215.584434,110000,0.038571424782276154
1737059235.067311,120000,0.0
1737059289.214144,140000,0.0
1737059315.070519,150000,-0.5
1737059354.9570181,160000,-0.14871999621391296
1737059407.5280719,180000,0.0
1737059422.173275,190000,-0.1467999964952469
1737059459.462757,200000,-0.20000000298023224
1737059495.667742,210000,-0.1648000031709671
1737059612.9475572,250000,-0.4000000059604645
1737059848.526772,340000,-0.030690910294651985
1737059888.693328,350000,-0.25596922636032104
1737059934.727306,370000,-0.22139999270439148
1737060021.45513,400000,0.13872727751731873
1737060053.9456608,410000,-0.21003076434135437
1737060114.3178399,430000,-0.3333333432674408
1737060170.767932,450000,0.04810769483447075
1737060201.705743,460000,0.009523073211312294
1737060254.9977658,480000,-0.15705454349517822
1737060301.796583,500000,-0.1818181872367859
1737060339.629214,510000,-0.20953333377838135
1737060418.64508,540000,0.13905000686645508
1737060448.184646,550000,-0.5
1737060475.415236,560000,-0.21837778389453888
1737060516.387014,570000,-0.10221537947654724
1737060524.009921,580000,-0.004707694053649902
1737060627.969919,610000,-0.2318333387374878
1737060659.308987,620000,0.12407272309064865
1737060705.386702,640000,-0.3338000178337097
1737060765.5102,660000,-0.121799997985363
1737060790.572119,670000,0.0
1737060811.770988,680000,-0.04730909690260887
1737060838.559919,690000,-0.3333333432674408
1737060931.081076,720000,-0.3076923191547394
1737060949.203329,730000,-0.030100004747509956
1737060983.5601761,740000,0.009114290587604046
1737061009.930465,750000,0.08047999441623688
1737061060.382129,770000,-0.2137538492679596
1737061147.6521442,800000,-0.24704614281654358
1737061294.345448,850000,-0.3636363744735718
1737061314.767976,860000,0.0
1737061352.824576,870000,-0.20000000298023224
1737061368.578279,880000,0.2238461673259735
1737061404.050507,890000,-0.3636363744735718
1737061416.399678,900000,0.0
1737061558.9061928,950000,0.027353845536708832
1737061778.356488,1030000,0.08023999631404877
1737061861.741589,1060000,-0.27272728085517883
1737061891.010939,1070000,-0.08261818438768387
1737062072.514814,1140000,-0.6153846383094788
1737062162.7949162,1170000,-0.3333333432674408
1737062211.995913,1190000,0.07660000026226044
1737062232.97124,1200000,0.047309089452028275
1737062284.3026502,1210000,-0.29609525203704834
1737062377.687443,1250000,0.10418181866407394
1737062415.875958,1260000,0.0
1737062428.213689,1270000,0.0
1737062519.301141,1300000,-0.27272728085517883
1737062548.833615,1310000,0.0
1737062632.861867,1340000,-0.1666666716337204
1737062720.581015,1380000,-0.13394999504089355
1737062782.552709,1400000,-0.09090909361839294
1737062842.7203,1420000,-0.2282533347606659
1737062871.320398,1430000,0.05762000009417534
1737062893.1401758,1440000,-0.1818181872367859
1737062929.743341,1450000,0.08876363933086395
1737063037.9372768,1490000,0.0
1737063080.017132,1510000,0.0
1737063164.8895822,1540000,-0.13462500274181366
1737063183.967444,1550000,0.2255999892950058
1737063219.07162,1560000,0.14383333921432495
1737063272.0191,1580000,0.0
1737063294.285215,1590000,-0.21625714004039764
1737063323.680387,1600000,-0.15567272901535034
1737063418.570364,1630000,0.13699999451637268
1737063471.01001,1650000,0.08601818233728409
1737063491.968713,1660000,0.12241818010807037
1737063551.17028,1680000,-0.10593333095312119
1737063577.646987,1690000,-0.1926800012588501
1737063660.880115,1720000,0.1360333412885666
1737063800.086237,1770000,-0.15636363625526428
1737063813.271214,1780000,0.06149090826511383
1737063835.958143,1790000,-0.13974285125732422
1737063909.249068,1810000,0.06371764838695526
1737063933.644863,1820000,0.0
1737063984.7231412,1840000,0.0
1737064047.776761,1860000,0.12610909342765808
1737064064.946638,1870000,0.14693333208560944
1737064102.910312,1880000,0.0
1737064118.73448,1890000,-0.26893332600593567
1737064173.737547,1910000,0.0
1737064207.885212,1920000,-0.20000000298023224
1737064389.04718,1990000,-0.20000000298023224
1737064511.0688791,2030000,0.21870769560337067
1737064612.764609,2070000,0.0
1737064638.214632,2080000,0.0
1737064665.731616,2090000,-0.37862858176231384
1737064772.878075,2130000,0.16200000047683716
1737064856.4732711,2160000,0.0
1737064931.210733,2190000,-0.17218181490898132
1737064972.4966989,2200000,0.06683636456727982
1737065055.779715,2230000,0.0
1737065084.989526,2240000,0.0
1737065136.972567,2260000,0.0
1737065162.0657358,2270000,0.0
1737065184.8948522,2280000,-0.23775383830070496
1737065238.9466188,2300000,0.0
1737065274.5206861,2310000,0.0
1737065326.295445,2330000,-0.20000000298023224
1737065354.3861508,2340000,-0.1666666716337204
1737065367.985339,2350000,0.0
1737065451.4266748,2380000,-0.3076923191547394
1737065539.149706,2410000,-0.09777499735355377
1737065688.644435,2460000,0.0
1737065736.306849,2480000,-0.06146666407585144
1737065798.084497,2500000,0.0
1737065816.912566,2510000,0.0
1737065949.3875022,2560000,-0.16500000655651093
1737066030.963739,2590000,0.21239998936653137
1737066053.052002,2600000,-0.20000000298023224
1737066098.642209,2610000,-0.11764705926179886
1737066131.841242,2620000,0.031324997544288635
1737066186.796552,2640000,0.0
1737066296.903771,2680000,-0.3433818221092224
1737066347.8494809,2700000,0.0
1737066398.648727,2720000,0.0
1737066442.6410072,2740000,0.1493818163871765
1737066584.4696891,2790000,0.10461818426847458
1737066647.831093,2810000,0.0
1737066768.996522,2850000,0.0
1737066900.341578,2900000,0.0
1737066948.296279,2920000,0.0
1737066975.9723341,2930000,-0.1818181872367859
1737067053.812843,2960000,0.08272727578878403
1737067109.841519,2980000,0.0
1737067133.6894798,2990000,-0.1818181872367859
1737067174.445271,3000000,0.0
1737067235.393246,3020000,0.17350588738918304
1737067257.024076,3030000,-0.2637999951839447
1737067289.9808269,3040000,-0.3636363744735718
1737067384.271692,3080000,-0.27272728085517883
1737067419.2262578,3090000,0.006319999694824219
1737067473.588278,3110000,0.16083332896232605
1737067544.555916,3140000,0.0
1737067649.9157472,3180000,0.11825454235076904
1737067689.735232,3190000,-0.1666666716337204
1737067709.154711,3200000,-0.04501538723707199
1737067737.1513941,3210000,0.2851428687572479
1737067799.3384829,3230000,0.07363636046648026
1737067886.656919,3260000,0.0
1737067897.065944,3270000,0.07167273014783859
1737067935.651247,3280000,0.1571333408355713
1737068010.002062,3310000,0.0
1737068050.142014,3320000,0.060759998857975006
1737068097.104197,3340000,0.0
1737068251.9358542,3400000,0.0
1737068319.3128839,3420000,0.03938182070851326
1737068403.5725608,3450000,0.027639999985694885
1737068424.117441,3460000,-0.1818181872367859
1737068476.163719,3480000,-0.04396666958928108
1737068504.070715,3490000,0.0
1737068639.8260689,3540000,-0.1297999918460846
1737068665.030231,3550000,0.10487272590398788
1737068719.6753569,3570000,-0.10000000149011612
1737068765.5760589,3590000,-0.1818181872367859
1737068809.4850519,3600000,-0.22750769555568695
1737068826.6608782,3610000,0.0
1737068914.688483,3640000,-0.08366666734218597
1737068950.747607,3650000,0.0933714285492897
1737069031.909714,3680000,0.2130153775215149
1737069056.6957078,3690000,-0.02476666308939457
1737069110.203943,3710000,0.0
1737069135.7077382,3720000,-0.37407058477401733
1737069190.089524,3740000,-0.019811764359474182
1737069300.9003148,3780000,-0.1818181872367859
1737069328.1185641,3790000,0.0
1737069352.1553879,3800000,-0.02576667070388794
1737069418.29458,3820000,0.17381052672863007
1737069444.159656,3830000,-0.1666666716337204
1737069524.027981,3860000,0.0
1737069549.347064,3870000,0.0
1737069583.803689,3880000,0.08803636580705643
1737069597.651108,3890000,-0.3333333432674408
1737069658.886878,3910000,-0.1666666716337204
1737069687.046006,3920000,-0.1818181872367859
1737069711.565289,3930000,-0.20000000298023224
1737069737.445052,3940000,-0.1818181872367859
1737069986.936762,4030000,-0.07858461886644363
1737070003.0425868,4040000,0.03711999952793121
1737070063.719178,4060000,0.0
1737070145.019732,4090000,0.19709999859333038
1737070331.331593,4160000,0.018523074686527252
1737070360.4142091,4170000,-0.3636363744735718
1737070461.474211,4210000,0.0
1737070507.013362,4220000,0.03449999913573265
1737070531.8609412,4230000,-0.3076923191547394
1737070586.7474182,4250000,-0.20000000298023224
1737070645.8387048,4270000,0.0
1737070746.082968,4310000,0.0
1737070980.163008,4400000,-0.1818181872367859
1737071009.626267,4410000,0.0
1737071050.6104221,4420000,-0.0780266672372818
1737071073.69362,4430000,-0.0833333358168602
1737071123.581808,4450000,0.0
1737071152.0535228,4460000,0.051363635808229446
1737071233.3118248,4490000,-0.1818181872367859
1737071321.997822,4520000,-0.1666666716337204
1737071505.341559,4590000,0.04756363481283188
1737071526.1950898,4600000,0.11829090863466263
1737071559.9125881,4610000,0.0
1737071588.504863,4620000,-0.12777777016162872
1737071646.725101,4640000,0.0
1737071683.925227,4650000,-0.1001666709780693
1737071697.955903,4660000,-0.20000000298023224
1737071758.195391,4680000,-0.13343334197998047
1737071773.369728,4690000,0.0
1737071814.836931,4700000,-0.1666666716337204
1737071863.5230038,4720000,0.05061818286776543
1737071918.103508,4740000,0.0
1737071942.7133172,4750000,-0.14603637158870697
1737072048.5667899,4790000,0.0
1737072239.858061,4860000,0.12807272374629974
1737072324.639411,4890000,-0.022945458069443703
1737072348.626984,4900000,-0.1666666716337204
1737072404.371467,4920000,0.0
1737072455.700861,4940000,0.0
1737072546.338885,4970000,0.0
1737072858.455589,5080000,0.04018181934952736
1737072932.1852522,5110000,0.07472727447748184
1737072958.958366,5120000,0.24098461866378784
1737072987.313191,5130000,-0.20000000298023224
1737073033.56729,5150000,0.029018182307481766
1737073094.777097,5170000,0.0
1737073110.1222908,5180000,0.05767272785305977
1737073174.032927,5200000,0.0
1737073315.56127,5250000,0.04251999780535698
1737073347.285198,5260000,0.13590000569820404
1737073514.152349,5320000,0.0780363604426384
1737073575.50945,5340000,-0.13359999656677246
1737073590.320936,5350000,0.0
1737073626.7713542,5360000,0.0
1737073642.649958,5370000,-0.20000000298023224
1737073664.621193,5380000,-0.20000000298023224
1737073700.5752268,5390000,0.0
1737073720.1780748,5400000,0.0
1737073754.984849,5410000,0.0
1737073780.979767,5420000,-0.1818181872367859
1737073829.328945,5430000,-0.1818181872367859
1737073878.7539241,5450000,0.0
1737073957.464446,5480000,0.0
1737073980.236075,5490000,-0.20000000298023224
1737074004.845624,5500000,-0.1818181872367859
1737074052.7666502,5520000,0.06069090589880943
1737074169.77105,5560000,0.0
1737074220.028743,5580000,0.0
1737074274.615364,5600000,0.13563333451747894
1737074397.891546,5640000,0.0
1737074424.561478,5650000,0.0
1737074442.411857,5660000,0.04532000049948692
1737074498.3997571,5680000,-0.10000000149011612
1737074551.134034,5700000,0.0014400000218302011
1737074606.869817,5720000,0.0
1737074660.9766982,5740000,0.0
1737074697.5081549,5750000,0.0
1737074775.8678489,5780000,0.11973333358764648
1737074822.464386,5800000,0.1749090850353241
1737074840.066584,5810000,0.10120000690221786
1737074876.422566,5820000,-0.3911428451538086
1737074911.496491,5830000,0.0
1737074948.356193,5840000,-0.08205000311136246
1737074965.474452,5850000,0.0
1737075017.369123,5870000,0.0
1737075050.851041,5880000,0.1585666686296463
1737075178.910932,5930000,0.0
1737075211.565225,5940000,0.0
1737075254.957867,5960000,-0.1818181872367859
1737075285.064963,5970000,0.038472726941108704
1737075306.621995,5980000,0.04232000187039375
1737075396.028786,6010000,0.0
1737075459.350601,6030000,-0.050224997103214264
1737075505.851886,6050000,0.0
1737075564.926615,6070000,0.0
1737075610.372046,6090000,-0.1818181872367859
1737075663.694101,6110000,0.08508571237325668
1737075695.7664928,6120000,0.10538181662559509
1737075712.8866591,6130000,0.0
1737075802.933171,6160000,0.0
1737075910.681199,6200000,0.0
1737075929.26298,6210000,-0.4615384638309479
1737075998.215607,6230000,-0.10526315867900848
1737076037.13775,6240000,0.0
1737076077.691322,6260000,0.0
1737076186.477401,6300000,0.0894545465707779
1737076319.88253,6350000,-0.1666666716337204
1737076511.668096,6420000,0.15826666355133057
1737076547.175298,6430000,0.0
1737076595.975924,6450000,-0.20000000298023224
1737076631.275193,6460000,0.0
1737076647.828686,6470000,0.0
1737076681.638282,6480000,-0.08513333648443222
1737076701.5264452,6490000,0.1250181794166565
1737076738.3568761,6500000,0.0
1737076791.452234,6520000,-0.3076923191547394
1737076813.327074,6530000,-0.1786571443080902
1737076929.8399858,6570000,-0.2302461564540863
1737076940.020223,6580000,0.0
1737076993.036756,6600000,0.02808571234345436
1737077060.621532,6620000,-0.1818181872367859
1737077155.290234,6650000,-0.4615384638309479
1737077206.6980119,6670000,0.11405333876609802
1737077226.340429,6680000,-0.1666666716337204
1737077251.794013,6690000,-0.0979272723197937
1737077336.0579991,6720000,0.0
1737077351.644778,6730000,0.11832727491855621
1737077386.473773,6740000,0.11356363445520401
1737077406.290074,6750000,-0.1818181872367859
1737077443.6393821,6760000,0.10280000418424606
1737077493.518141,6780000,-0.15276363492012024
1737077522.166446,6790000,-0.3333333432674408
1737077545.0527868,6800000,0.11566666513681412
1737077598.568192,6820000,0.0722000002861023
1737077626.899221,6830000,-0.25
1737077671.55488,6840000,-0.07333999872207642
1737077697.0663948,6850000,-0.022830771282315254
1737077715.344151,6860000,0.0
1737077750.587362,6870000,-0.3333333432674408
1737077804.593486,6890000,0.14032727479934692
1737077822.0837991,6900000,-0.08766153454780579
1737077908.6604989,6930000,-0.20000000298023224
1737078023.7582579,6970000,0.0
1737078099.468789,7000000,0.0
1737078116.955432,7010000,0.0
1737078154.964737,7020000,0.0
1737078224.8610518,7040000,0.10215789824724197
1737078242.359282,7050000,0.1573999971151352
1737078276.7676082,7060000,0.10781817883253098
1737078294.3321412,7070000,-0.1810285747051239
1737078349.627428,7090000,0.0
1737078381.225041,7100000,0.0
1737078409.84028,7110000,-0.20000000298023224
1737078507.6139631,7150000,0.0
1737078623.881273,7190000,-0.1818181872367859
1737078643.2176452,7200000,0.0
1737078688.215442,7220000,-0.06770908832550049
1737078726.898154,7230000,-0.16458182036876678
1737078761.666898,7240000,0.08682222664356232
1737078796.9413571,7250000,-0.1818181872367859
1737078812.524729,7260000,0.0
1737078837.017555,7270000,0.0
1737078924.3303628,7300000,0.0
1737078943.984237,7310000,0.0
1737079105.7060149,7370000,0.0
1737079160.2135758,7390000,-0.1818181872367859
1737079182.7280672,7400000,0.09625454246997833
1737079220.4704928,7410000,-0.3076923191547394
1737079234.7641869,7420000,-0.20003333687782288
1737079311.647281,7440000,-0.116763636469841
1737079393.690664,7470000,-0.1818181872367859
1737079415.6399019,7480000,0.0
1737079504.818881,7510000,0.0
1737079521.704888,7520000,0.13340000808238983
1737079547.170778,7530000,0.11694545298814774
1737079598.45427,7550000,0.0
1737079650.851585,7570000,0.0
1737079735.9094322,7600000,0.0
1737079761.223864,7610000,0.0
1737079812.4255118,7630000,0.0
1737079899.9844239,7660000,0.0
1737079936.70901,7670000,0.0
1737079948.9839208,7680000,0.0
1737080018.0372171,7700000,0.105233334004879
1737080040.203115,7710000,0.0
1737080068.414749,7720000,0.0
1737080120.3331358,7740000,0.0
1737080154.26643,7750000,0.1313454508781433
1737080175.772985,7760000,0.0
1737080304.52796,7810000,0.0038800002075731754
1737080429.82379,7850000,0.2687142789363861
1737080465.538641,7860000,-0.4615384638309479
1737080518.934746,7880000,0.16581818461418152
1737080565.696039,7900000,0.0976666733622551
1737080622.282764,7920000,0.0
1737080641.1852212,7930000,-0.1818181872367859
1737080672.827723,7940000,-0.10159999877214432
1737080690.3984692,7950000,-0.1818181872367859
1737080719.109767,7960000,0.2421538531780243
1737080750.2658691,7970000,0.0
1737080808.063157,7990000,0.24566154181957245
1737080863.898357,8010000,0.0
1737080917.098615,8030000,0.0
1737081001.243096,8060000,0.0
1737081055.046562,8080000,0.0
1737081079.5356312,8090000,0.0
1737081117.787061,8100000,0.0
1737081217.073518,8140000,-0.1666666716337204
1737081270.8767302,8160000,0.0
1737081297.062618,8170000,-0.1666666716337204
1737081353.231179,8190000,0.0
1737081425.3725052,8220000,0.0
1737081495.81136,8240000,0.0
1737081524.996236,8250000,0.0
1737081547.450929,8260000,0.0
1737081631.662569,8290000,-0.1818181872367859
1737081712.07498,8320000,-0.1666666716337204
1737081730.471693,8330000,0.0
1737081791.800847,8350000,0.0
1737081837.602543,8370000,0.0
1737081891.1321568,8390000,0.0
1737082025.907903,8440000,0.0
1737082086.915933,8460000,0.0
1737082115.047699,8470000,0.0
1737082132.599285,8480000,0.0
1737082176.430121,8490000,0.12316667288541794
1737082257.279878,8520000,0.0
1737082405.528049,8580000,0.0
1737082471.2886138,8600000,0.11686667054891586
1737082484.314931,8610000,0.0
1737082518.426813,8620000,0.0
1737082536.9117079,8630000,0.0
1737082575.5066938,8640000,0.0
1737082697.7005508,8680000,0.0
1737082749.5708642,8700000,0.0
1737082776.8772118,8710000,0.0
1737082849.586228,8740000,0.0
1737082877.634906,8750000,0.0
1737082903.739603,8760000,0.0
1737082939.307703,8770000,0.0
1737082956.115273,8780000,0.0
1737083019.214206,8800000,0.0
1737083044.103966,8810000,0.0
1737083067.733098,8820000,0.0
1737083086.318639,8830000,0.0
1737083157.28949,8850000,0.0
1737083248.06334,8880000,0.0
1737083299.302128,8900000,0.0
1737083322.998751,8910000,0.0
1737083378.24042,8930000,0.0
1737083404.973718,8940000,0.0
1737083493.2281861,8970000,0.0
1737083507.487534,8980000,0.0
1737083559.579252,9000000,0.0
1737083594.737115,9010000,0.0
1737083791.999392,9080000,0.0
1737083825.2336168,9090000,0.0
1737083848.85075,9100000,0.0
1737083871.6064582,9110000,0.0
1737083899.884087,9120000,0.0
1737083925.751329,9130000,0.0
1737083960.130971,9140000,0.0
1737084006.6748319,9160000,0.0
1737084035.6527622,9170000,0.0
1737084050.921178,9180000,0.13014544546604156
1737084132.148105,9210000,0.0
1737084162.189173,9220000,0.0
1737084189.354145,9230000,0.0
1737084212.547432,9240000,0.0
1737084288.6076632,9260000,0.0
1737084448.746708,9320000,0.0
1737084466.336223,9330000,0.0
1737084506.411236,9340000,0.0
1737084556.577717,9360000,0.0
1737084668.7552881,9400000,0.0
1737084745.3902159,9430000,0.0
1737084837.733591,9460000,0.11320000141859055
1737084951.681835,9500000,-0.1818181872367859
1737085029.26962,9530000,0.0
1737085052.1139462,9540000,0.0
1737085092.271863,9550000,-0.5
1737085141.379477,9570000,0.16056667268276215
1737085168.137679,9580000,0.0
1737085182.138782,9590000,0.0
1737085271.09961,9620000,0.0
1737085292.7168279,9630000,0.0
1737085366.836668,9650000,0.0
1737085418.7288918,9670000,-0.1818181872367859
1737085457.589869,9680000,0.08636363595724106
1737085508.235584,9700000,0.0
1737085550.342311,9720000,0.0
1737085584.245506,9730000,0.0
1737085635.930729,9750000,0.0
1737085687.6352131,9770000,-0.1818181872367859
1737085716.5343418,9780000,0.0
1737085740.120857,9790000,0.0
1737085762.578644,9800000,0.0
1737085852.806359,9830000,0.0
1737085874.134519,9840000,0.0
1737085916.5606039,9850000,-0.06717777997255325
1737085999.460502,9880000,0.0
1737086019.671689,9890000,0.0
1737086235.078222,9970000,0.16300000250339508
1737086314.237709,10000000,0.0
1737086345.417809,10010000,0.0
1737086398.666032,10030000,0.0
1737086470.2875352,10050000,0.031822219491004944
1737086484.2644281,10060000,0.0
1737086574.47122,10090000,0.0
1737086596.224189,10100000,-0.27272728085517883
1737086654.449075,10120000,0.0
1737086671.4460878,10130000,0.0
1737086701.305717,10140000,-0.20000000298023224
1737086730.6237812,10150000,0.0
1737086816.064665,10180000,0.0
1737087039.746537,10260000,0.0
1737087066.172659,10270000,-0.10546667128801346
1737087093.040513,10280000,0.0
1737087144.837579,10300000,0.0
1737087204.758446,10320000,-0.1666666716337204
1737087225.276489,10330000,0.12996363639831543
1737087258.339851,10340000,-0.0024615388829261065
1737087309.302612,10360000,-0.4545454680919647
1737087362.733622,10380000,-0.08843076974153519
1737087389.2298,10390000,0.0
1737087418.2275012,10400000,0.0
1737087488.6973271,10430000,0.02824000082910061
1737087526.315566,10440000,-0.1818181872367859
1737087553.874748,10450000,-0.13021177053451538
1737087683.9546409,10500000,0.006920000072568655
1737087741.0598762,10520000,0.06859999895095825
1737087772.0808032,10530000,-0.1818181872367859
1737087825.941198,10550000,0.054040003567934036
1737087853.3325791,10560000,-0.022030767053365707
1737087902.3372731,10580000,0.059272728860378265
1737088067.937851,10640000,0.009519999846816063
1737088107.282921,10650000,0.1624210625886917
1737088163.0671868,10670000,-0.027266671881079674
1737088200.003777,10690000,0.23230768740177155
1737088319.527024,10730000,0.06014736741781235
1737088371.0399418,10750000,-0.12947368621826172
1737088428.083679,10770000,0.31183528900146484
1737088484.390039,10790000,0.0
1737088529.925565,10810000,-0.24910768866539001
1737088590.625587,10830000,-0.057514287531375885
1737088618.853211,10840000,-0.20000000298023224
1737088637.948807,10850000,-0.4032000005245209
1737088672.058869,10860000,0.019781820476055145
1737088704.157304,10870000,-0.23710587620735168
1737088819.528817,10910000,-0.15583333373069763
1737088867.243662,10930000,0.28048571944236755
1737088887.942421,10940000,-0.5115833282470703
1737089052.215755,11000000,0.0
1737089100.613657,11020000,-0.06208000332117081
1737089161.704662,11040000,-0.45275789499282837
1737089188.515063,11050000,-0.15885713696479797
1737089230.651169,11060000,-0.1394333392381668
1737089397.8643541,11120000,-0.2099333256483078
1737089472.827681,11150000,-0.4000000059604645
1737089529.31075,11170000,0.0
1737089606.911696,11200000,-0.1666666716337204
1737089686.499361,11230000,-0.162285715341568
1737089705.127732,11240000,0.01599999889731407
1737089781.812702,11260000,-0.2566666603088379
1737089803.154329,11270000,-0.1818181872367859
1737089827.3808682,11280000,0.19136667251586914
1737089865.3869078,11290000,-0.23851428925991058
1737089913.1059158,11310000,-0.16530665755271912
1737089940.868455,11320000,-0.1666666716337204
1737089998.661222,11340000,-0.24231429398059845
1737090011.1349251,11350000,0.09185454994440079
1737090046.76899,11360000,-0.1884235292673111
1737090119.6610591,11390000,-0.23693333566188812
1737090156.7026088,11400000,0.06307999789714813
1737090208.645321,11420000,-0.40184614062309265
1737090426.963267,11500000,0.16076667606830597
1737090468.778837,11510000,-0.11727272719144821
1737090484.37021,11520000,-0.20000000298023224
1737090516.4166138,11530000,0.0
1737090596.597111,11560000,-0.27272728085517883
1737090620.1520908,11570000,0.10839999467134476
1737090646.8876312,11580000,0.2513866722583771
1737090723.3704672,11610000,0.08390588313341141
1737090751.336353,11620000,-0.20080000162124634
1737090788.149767,11630000,-0.16732308268547058
1737090869.709885,11660000,-0.030989473685622215
1737091202.481673,11780000,-0.34040001034736633
1737091274.071674,11810000,0.1709454506635666
1737091325.176976,11830000,0.2892307639122009
1737091359.775419,11840000,0.21574117243289948
1737091433.224436,11860000,-0.051085710525512695
1737091450.0667279,11870000,0.10287272930145264
1737091528.486321,11900000,0.0
1737091618.549463,11930000,0.137490913271904
1737091637.0091488,11940000,-0.17378181219100952
1737091666.914351,11950000,-0.32202857732772827
1737091697.850533,11960000,0.014293331652879715
1737091718.365681,11970000,-0.13063636422157288
1737091743.755645,11980000,-0.2864166498184204
1737091780.895404,11990000,-0.1818181872367859
1737091798.371982,12000000,0.0
1737091856.8783,12020000,-0.5
1737091905.13394,12040000,0.13536842167377472
1737091931.9220538,12050000,-0.1666666716337204
1737091994.328585,12070000,0.0
1737092047.5747998,12090000,0.1788533329963684
1737092100.870523,12110000,0.12698182463645935
1737092140.209732,12120000,0.0
1737092157.6587589,12130000,-0.20309999585151672
1737092196.668427,12140000,-0.16122856736183167
1737092212.388236,12150000,0.0
1737092241.877412,12160000,0.08548571169376373
1737092339.550572,12200000,-0.23461538553237915
1737092476.854053,12250000,-0.0476190447807312
1737092518.404315,12260000,-0.23790909349918365
1737092571.421839,12280000,-0.21396470069885254
1737092603.3188019,12290000,-0.4205571413040161
1737092706.59312,12330000,0.07844705134630203
1737092737.852235,12340000,0.17279048264026642
1737092762.7188768,12350000,0.13047143816947937
1737092815.975302,12370000,0.03261176124215126
1737092898.832767,12400000,-0.11855238676071167
1737092973.804748,12430000,0.3143259286880493
1737093025.749133,12450000,-0.4225279986858368
1737093084.9877398,12470000,-0.055368416011333466
1737093117.842458,12480000,0.20475861430168152
1737093167.59793,12500000,0.12997333705425262
1737093202.607765,12510000,-0.06240000203251839
1737093278.052181,12540000,-0.3909111022949219
1737093310.680324,12550000,-0.16953684389591217
1737093330.3130062,12560000,0.13225001096725464
1737093382.1860359,12580000,-0.14438000321388245
1737093418.230478,12590000,-0.4590846002101898
1737093447.9752479,12600000,0.12281817942857742
1737093498.171121,12620000,-0.14217600226402283
1737093517.428877,12630000,-0.09368421137332916
1737093543.2246552,12640000,-0.13050587475299835
1737093574.565676,12650000,-0.0677499994635582
1737093607.947872,12660000,0.11702857166528702
1737093626.855656,12670000,-0.08140869438648224
1737093770.685146,12720000,-0.04417390748858452
1737093795.378874,12730000,-0.11236250400543213
1737093841.889046,12750000,-0.28255653381347656
1737093957.898253,12790000,-0.17767059803009033
1737093977.016476,12800000,0.004358622711151838
1737094031.6353889,12820000,-0.17435555160045624
1737094140.4574668,12860000,-0.12456773966550827
1737094203.8212779,12880000,-0.13477499783039093
1737094256.9523048,12900000,0.0547499917447567
1737094319.338617,12920000,0.20663750171661377
1737094335.249033,12930000,0.1722133308649063
1737094370.190708,12940000,0.028568001464009285
1737094388.846504,12950000,0.17312221229076385
1737094442.957346,12970000,-0.2834341526031494
1737094534.083412,13000000,-0.24749599397182465
1737094560.5110168,13010000,-0.27950966358184814
1737094608.119974,13030000,-0.29145142436027527
1737094639.244853,13040000,-0.38246315717697144
1737094657.7617202,13050000,-0.5028508901596069
1737094725.782836,13070000,-0.00476000364869833
1737094831.7522418,13110000,-0.04982856661081314
1737094893.466078,13130000,0.04254237189888954
1737094912.911881,13140000,-0.11510476469993591
1737094967.542963,13160000,-0.28519999980926514
1737095009.659265,13170000,-0.1930275857448578
1737095074.520353,13200000,-0.5180727243423462
1737095115.763297,13210000,-0.1550644040107727
1737095242.216734,13260000,-0.15835000574588776
1737095284.054562,13270000,-0.19049350917339325
1737095299.823574,13280000,-0.15707635879516602
1737095335.081769,13290000,0.07758000493049622
1737095383.952565,13310000,-0.07153239101171494
1737095434.168975,13330000,-0.020019356161355972
1737095470.557523,13340000,-0.37012308835983276
1737095487.205816,13350000,0.23711666464805603
1737095519.584484,13360000,0.051772601902484894
1737095545.867348,13370000,-0.18596231937408447
1737095575.709193,13380000,-0.29923999309539795
1737095652.9046888,13410000,-0.10664330422878265
1737095739.01071,13440000,-0.16157260537147522
1737095791.872514,13460000,-0.06655800342559814
1737095843.1497002,13480000,0.3802799880504608
1737095875.522104,13490000,-0.13784074783325195
1737095894.692356,13500000,-0.03813831880688667
1737095928.699126,13510000,0.13645507395267487
1737095953.813486,13520000,0.19844236969947815
1737096061.7203681,13560000,0.08198536932468414
1737096174.412277,13600000,0.1524810791015625
1737096228.4896882,13620000,-0.058439694344997406
1737096260.254187,13630000,0.0452243871986866
1737096339.226141,13660000,-0.09995301812887192
1737096372.6280699,13670000,0.04509354755282402
1737096396.221802,13680000,-0.07009230554103851
1737096486.829268,13710000,0.050241559743881226
1737096566.235287,13740000,-0.1668248027563095
1737096594.4554381,13750000,-0.008721212856471539
1737096618.685272,13760000,-0.03452105447649956
1737096674.8710442,13780000,-0.016283228993415833
1737096695.5074902,13790000,0.16872955858707428
1737096730.2830122,13800000,0.05588903650641441
1737096807.669641,13830000,0.12699873745441437
1737096863.370614,13850000,0.06497939676046371
1737096898.278155,13860000,0.0687088742852211
1737096922.426754,13870000,0.11597824096679688
1737096955.791357,13880000,-0.07919999957084656
1737096980.868238,13890000,0.17048437893390656
1737097010.094321,13900000,0.2223716825246811
1737097064.6969018,13920000,-0.049000002443790436
1737097091.168813,13930000,-0.10588143765926361
1737097177.45221,13960000,0.0838911235332489
1737097311.457841,14010000,0.06863626837730408
1737097654.7954361,14130000,-0.0776030570268631
1737097687.889478,14140000,0.13628944754600525
1737097711.446676,14150000,0.013464407995343208
1737097733.460223,14160000,-0.04179456830024719
1737097846.837265,14200000,0.15744970738887787
1737097935.400029,14230000,-0.06115543469786644
1737097959.3500319,14240000,-0.052776869386434555
1737098015.337655,14260000,0.09734615683555603
1737098049.1681972,14270000,0.07632921636104584
1737098072.097433,14280000,0.07028484344482422
1737098103.939959,14290000,0.1764913648366928
1737098159.909363,14310000,0.06160930171608925
1737098215.298443,14330000,-0.028891541063785553
1737098237.8007228,14340000,0.10304199904203415
1737098270.818666,14350000,-0.037863440811634064
1737098327.0877938,14370000,-0.07326839119195938
1737098349.6160798,14380000,0.3259582817554474
1737098383.064379,14390000,0.07205168157815933
1737098438.36286,14410000,-0.06635399907827377
1737098495.490245,14430000,0.16935662925243378
1737098655.766444,14490000,0.01596464402973652
1737098710.617455,14510000,0.06668615341186523
1737098855.020633,14560000,-0.1113218292593956
1737098878.71841,14570000,0.14371734857559204
1737098991.993234,14610000,0.04349902644753456
1737099135.6056252,14660000,0.13535384833812714
1737099161.405792,14670000,0.02027636580169201
1737099273.68702,14710000,-0.13340343534946442
1737099384.7729049,14750000,0.12246265262365341
1737099473.018881,14780000,0.046850260347127914
1737099551.4454389,14810000,0.20524464547634125
1737099586.8876932,14820000,0.06076595559716225
1737099606.80521,14830000,-0.09057260304689407
1737099686.68222,14860000,-0.06091560795903206
1737099719.920564,14870000,-0.10625235736370087
1737099800.76978,14900000,0.09654953330755234
1737099858.5084999,14920000,-0.0694478452205658
1737099890.9104068,14930000,0.007942574098706245
1737099914.643553,14940000,-0.016296103596687317
1737100116.797507,15010000,0.10782475024461746
1737100140.750706,15020000,-0.08301674574613571
1737100174.821633,15030000,-0.15374605357646942
1737100196.729841,15040000,-0.012490909546613693
1737100254.499582,15060000,0.0722476914525032
1737100288.035556,15070000,0.04115166887640953
1737100314.357131,15080000,-0.03673035651445389
1737100347.180002,15090000,-0.15532727539539337
1737100371.7577002,15100000,0.11044684797525406
1737100403.945712,15110000,0.033134542405605316
1737100427.799915,15120000,0.0206943079829216
1737100461.299733,15130000,0.0321405865252018
1737100484.2781582,15140000,0.0037570784334093332
1737100572.698219,15170000,-0.02556649036705494
1737100630.538444,15190000,0.08673584461212158
1737100767.6551528,15240000,0.060981955379247665
1737100790.5515258,15250000,0.10803438723087311
1737100823.871242,15260000,-0.054081082344055176
1737100880.425494,15280000,-0.011776315048336983
1737101074.154181,15350000,-0.13920173048973083
1737101129.347819,15370000,-0.07081004977226257
1737101275.312166,15420000,-0.1135704293847084
1737101298.330257,15430000,0.1308203786611557
1737101413.2916539,15470000,0.09895153343677521
1737101470.039422,15490000,-0.018449794501066208
1737101503.4628632,15500000,0.12804555892944336
1737101560.452806,15520000,-0.04076016694307327
1737101584.3462322,15530000,-0.04350569099187851
1737101640.532354,15550000,-0.08845333009958267
1737101674.825382,15560000,-0.1915525197982788
1737101838.041076,15620000,-0.05781576782464981
1737101871.140522,15630000,0.01953333429992199
1737101895.2799418,15640000,0.018596945330500603
1737102045.8478022,15690000,-0.02747443877160549
1737102071.002198,15700000,0.0007617318769916892
1737102330.715043,15790000,-0.016248101368546486
1737102354.158489,15800000,0.06806214898824692
1737102442.479757,15830000,0.11644247174263
1737102466.820734,15840000,0.07810697704553604
1737102499.279166,15850000,-0.11371840536594391
1737102556.474821,15870000,-0.10672203451395035
1737102612.687928,15890000,0.12380492687225342
1737102667.768812,15910000,-0.1283154934644699
1737102748.565342,15940000,-0.0363570898771286
1737102772.418626,15950000,0.0671946182847023
1737102829.3497212,15970000,0.17142952978610992
1737102862.541433,15980000,-0.060972075909376144
1737102918.79408,16000000,0.03840579837560654
1737102975.474838,16020000,0.04100605845451355
1737102999.2277539,16030000,0.20459413528442383
1737103055.7302809,16050000,-0.0636785477399826
1737103088.202236,16060000,-0.11292019486427307
1737103203.022434,16100000,-0.13315512239933014
1737103225.426348,16110000,-0.04843619093298912
1737103282.179391,16130000,0.07099916785955429
1737103314.5042272,16140000,0.12895484268665314
1737103338.5759711,16150000,0.16773168742656708
1737103371.519907,16160000,0.007091162726283073
1737103428.539331,16180000,-0.029890000820159912
1737103450.938436,16190000,0.0409427285194397
1737103484.115882,16200000,-0.017755556851625443
1737103507.83461,16210000,-0.10288193076848984
1737103620.207741,16250000,0.07166553288698196
1737103677.704758,16270000,0.06714463979005814
1737103710.153153,16280000,0.1919572353363037
1737103734.33937,16290000,0.08807078003883362
1737103790.253899,16310000,0.12497465312480927
1737103846.245692,16330000,-0.16378676891326904
1737103902.336517,16350000,-0.12205919623374939
1737103958.58919,16370000,0.021453699097037315
1737103981.047534,16380000,0.0454658605158329
1737104014.184988,16390000,-0.08811278641223907
1737104070.8210912,16410000,-0.09123346209526062
1737104094.532203,16420000,0.037593308836221695
1737104127.555975,16430000,0.023905882611870766
1737104151.114272,16440000,-0.014379092492163181
1737104184.378109,16450000,0.014336508698761463
1737104207.687635,16460000,0.0725475326180458
1737104267.441175,16480000,0.015413993038237095
1737104301.098759,16490000,0.15627463161945343
1737104381.028826,16520000,0.0194914061576128
1737104415.812753,16530000,-0.22378340363502502
1737104471.073972,16550000,-0.029047861695289612
1737104494.76429,16560000,0.05964557081460953
1737104584.3840199,16590000,-0.03478380665183067
1737104607.707829,16600000,-0.0601041354238987
1737104640.826464,16610000,-0.0017189596546813846
1737104665.175315,16620000,0.08346638083457947
1737104698.001976,16630000,-0.07908789068460464
1737104754.909267,16650000,0.05736507847905159
1737104860.56054,16690000,-0.07144223153591156
1737104919.679466,16710000,-0.09468064457178116
1737104953.188055,16720000,0.08617614954710007
1737104977.4001331,16730000,0.020366085693240166
1737105070.678943,16760000,0.05151146277785301
1737105093.599658,16770000,-0.032513462007045746
1737105151.7040472,16790000,-0.07102406769990921
1737105271.3901289,16830000,-0.007186606992036104
1737105306.717109,16840000,0.0685490071773529
1737105332.0025878,16850000,-0.21247093379497528
1737105369.714972,16860000,0.04665344953536987
1737105427.539926,16880000,-0.030217282474040985
1737105549.560033,16920000,0.005744144320487976
1737105575.2545989,16930000,0.07290954142808914
1737105633.696293,16950000,-0.0444519966840744
1737105668.08303,16960000,-0.04405096545815468
1737105693.722831,16970000,-0.0376971960067749
1737105726.660476,16980000,0.018384389579296112
1737105786.005578,17000000,-0.03557350113987923
1737105869.557685,17030000,0.028875000774860382
1737105900.783275,17040000,0.10587511211633682
1737105925.563482,17050000,-0.07614365220069885
1737105949.319597,17060000,-0.021233899518847466
1737105983.354021,17070000,-0.12960556149482727
1737106065.422977,17100000,-0.17209620773792267
1737106099.304978,17110000,-0.13094058632850647
1737106213.1309068,17150000,-0.011540476232767105
1737106239.21176,17160000,-0.07888898253440857
1737106294.87111,17180000,-0.02760479971766472
1737106326.8115041,17190000,-0.09910967946052551
1737106350.861472,17200000,0.07902945578098297
1737106464.0934348,17240000,0.006116731557995081
1737106556.247353,17270000,0.06517735868692398
1737106613.137399,17290000,-0.02952015958726406
1737106693.490698,17320000,-0.11460956931114197
1737106727.9195368,17330000,-0.11414185166358948
1737106751.420684,17340000,-0.12045931816101074
1737106785.6729019,17350000,-0.042438775300979614
1737106807.165486,17360000,-0.0388166643679142
1737106864.2324789,17380000,-0.015123807825148106
1737106897.410843,17390000,0.06007903069257736
1737106921.475589,17400000,0.0037044344935566187
1737107001.472425,17430000,0.04691293090581894
1737107034.408376,17440000,0.09082843363285065
1737107091.7388,17460000,0.09855908900499344
1737107118.332149,17470000,-0.07740778475999832
1737107152.282104,17480000,0.02190774865448475
1737107231.698393,17510000,-0.06074334681034088
1737107289.190889,17530000,0.18524615466594696
1737107321.572344,17540000,-0.15640482306480408
1737107347.2247941,17550000,-0.07183157652616501
1737107378.653496,17560000,-0.0054000006057322025
1737107575.266496,17630000,-0.01111985370516777
1737107609.20189,17640000,-0.19052188098430634
1737107689.700096,17670000,-0.00826859101653099
1737107836.323282,17720000,0.040482353419065475
1737107940.4273129,17760000,-0.1663157194852829
1737107996.81565,17780000,-0.11652165651321411
1737108053.425039,17800000,-0.0011444444535300136
1737108111.077441,17820000,0.02542775124311447
1737108143.462521,17830000,-0.040125101804733276
1737108166.729795,17840000,-0.12797339260578156
1737108199.2012212,17850000,-0.11723091453313828
1737108311.822282,17890000,-0.16037310659885406
1737108336.2496798,17900000,-0.2311118096113205
1737108368.737626,17910000,-0.052407726645469666
1737108424.19429,17930000,0.002154621295630932
1737108447.017403,17940000,-0.1211758479475975
1737108480.4836211,17950000,-0.044913243502378464
1737108591.81581,17990000,-0.09348340332508087
1737108647.948815,18010000,-0.17946010828018188
1737108704.6367218,18030000,-0.07536851614713669
1737108760.937527,18050000,0.07527212798595428
1737108783.071462,18060000,-0.04085688665509224
1737108840.620661,18080000,0.12590259313583374
1737108953.231444,18120000,0.06973333656787872
1737109010.1179872,18140000,-0.11383700370788574
1737109033.296074,18150000,-0.02613515593111515
1737109122.057994,18180000,0.013461925089359283
1737109202.0863202,18210000,-0.10515637695789337
1737109313.099692,18250000,-0.032016512006521225
1737109371.752183,18270000,-0.024523846805095673
1737109404.3267121,18280000,-0.02440943382680416
1737109483.574806,18310000,0.05537930876016617
1737109598.3181581,18350000,-0.14881134033203125
1737109633.0413702,18360000,0.0885000005364418
1737109657.766452,18370000,0.0545676127076149
1737109689.0045629,18380000,-0.0015956327551975846
1737109769.7398632,18410000,-0.01247866079211235
1737109803.79733,18420000,-0.06723491102457047
1737109826.723297,18430000,0.14791899919509888
1737109882.153837,18450000,-0.09515371918678284
1737109914.65011,18460000,0.11006943136453629
1737109938.566855,18470000,0.18996137380599976
1737109995.3514519,18490000,-0.0754447728395462
1737110027.375505,18500000,-0.0804685726761818
1737110108.598474,18530000,-0.06867264211177826
1737110131.634568,18540000,-0.02943333052098751
1737110187.870406,18560000,0.05519485101103783
1737110245.07334,18580000,0.052915412932634354
1737110277.954411,18590000,-0.13197535276412964
1737110301.677543,18600000,0.07438935339450836
1737110504.600197,18670000,0.009124030359089375
1737110528.745246,18680000,0.054189302027225494
1737110562.059534,18690000,-0.10076946765184402
1737110585.9795399,18700000,0.047145452350378036
1737110752.796601,18760000,0.020347530022263527
1737110786.157721,18770000,0.045859143137931824
1737110808.199255,18780000,-0.10979248583316803
1737110841.968236,18790000,0.13696317374706268
1737110864.381226,18800000,-0.06846432387828827
1737110920.669535,18820000,0.03988037630915642
1737111009.6111841,18850000,-0.1647321730852127
1737111089.606852,18880000,-0.18644657731056213
1737111202.482433,18920000,0.1072491779923439
1737111225.3845131,18930000,-0.11411401629447937
1737111258.992362,18940000,0.026406556367874146
1737111282.063176,18950000,0.017044540494680405
1737111314.18704,18960000,-0.013384873978793621
1737111372.627955,18980000,-0.048287179321050644
1737111394.894312,18990000,-0.1060543805360794
1737111507.507156,19030000,-0.05808425322175026
1737111596.237393,19060000,-0.14780941605567932
1737111620.38362,19070000,-0.21444115042686462
1737111711.3689559,19100000,0.06653007864952087
1737111733.667719,19110000,-0.13944587111473083
1737111766.735179,19120000,0.08079101890325546
1737111789.5344992,19130000,0.04952999949455261
1737111822.720235,19140000,-0.0025836708955466747
1737111879.3824482,19160000,0.11490892618894577
1737111904.0084999,19170000,-0.05744814872741699
1737111935.2222311,19180000,-0.0003785342560149729
1737111958.8489401,19190000,-0.03683076798915863
1737111992.550766,19200000,0.10128907114267349
1737112094.897631,19240000,-0.013313762843608856
1737112127.82045,19250000,-0.03701552003622055
1737112151.058939,19260000,-0.1126294955611229
1737112241.78504,19290000,-0.05785257741808891
1737112298.0404742,19310000,-0.038350578397512436
1737112321.878882,19320000,0.12903599441051483
1737112353.954239,19330000,-0.08674958348274231
1737112411.9358652,19350000,-0.053281862288713455
1737112435.544714,19360000,-0.023779593408107758
1737112468.2706492,19370000,-0.017965152859687805
1737112524.783405,19390000,-0.2039409577846527
1737112547.748917,19400000,-0.15591515600681305
1737112635.973022,19430000,0.13406214118003845
1737112691.63855,19450000,-0.06432322412729263
1737112749.201685,19470000,-0.09467863291501999
1737112772.562527,19480000,0.0503094345331192
1737112828.1419652,19500000,-0.05691330134868622
1737112917.258631,19530000,-0.11757450550794601
1737112972.46562,19550000,-0.0433814637362957
1737112996.5921862,19560000,0.033996693789958954
1737113028.513897,19570000,-0.023992270231246948
1737113085.0875,19590000,0.16962330043315887
1737113131.141668,19610000,-0.10927730798721313
1737113164.0370262,19620000,0.1989445984363556
1737113186.6147509,19630000,0.007849530316889286
1737113300.8675132,19670000,-0.026488585397601128
1737113331.975329,19680000,-0.10158760845661163
1737113388.0159428,19700000,0.03304978832602501
1737113444.186454,19720000,-0.014503320679068565
1737113583.7810402,19770000,0.10211636126041412
1737113696.125924,19810000,-0.04159090667963028
1737113728.437068,19820000,-0.10091150552034378
1737113752.697609,19830000,-0.08983393013477325
1737113785.8631492,19840000,-0.007845495827496052
1737114115.740267,19960000,-0.06125493720173836
1737114171.293644,19980000,0.16958633065223694
1737114227.95276,20000000,-0.15199610590934753
